"code","quest","objective","drivingNode","trigger","ports","otherTargets","prereqs","consoleCommands","positional","nestedHaste","clean","file"
"M01","prepadeni","nasleduj_druzinu_pana_ptacka","rideToCamp","prepadeni.08_massacre","rideToCamp.SetDone","Output.nastavit_preset_naheho_ptacka_|Output;stream_ptackovy_druziny.odstreamovani_vorecha|stream_ptackovy_druziny;triggersequence50.Exec|TriggerSequence","","","False","0","False","Barbora/trosecko/prepadeni/hibernovana_cast.xml"
"M01","prepadeni","nasleduj_druzinu_pana_ptacka","rideToCamp","prepadeni.stopFormation","rideToCamp.SetNone","","","","False","0","True","Barbora/trosecko/prepadeni/hibernovana_cast.xml"
"M01","prepadeni","zjisti_od_ptacka_jaky_je_plan","capounPlan","","","","","","False","0","False",""
"M01","prepadeni","zavolej_vorecha_k_noze","callDog","","","","","","False","0","False",""
"M01","prepadeni","sezen_pro_vorecha_neco_k_jidlu_a_nakrm_ho","feedDog","","","","","","False","0","False",""
"M01","prepadeni","vyhraj_nad_pivcem","getRing","","","","","","False","0","False",""
"M01","prepadeni","vrat_prsten_vovsovi","returnRing","","","","","","False","0","False",""
"M01","prepadeni","vybav_se_zbroji_a_mecem_a_promluv_s_ptackem","nasad_si_zbroj_a_promluv_s_ptackem","","","","","","False","0","False",""
"M01","prepadeni","vytas_mec","vytas_mec","","","","","","False","0","False",""
"M01","prepadeni","zautoc","zautoc_na_ptacka","","","","","","False","0","False",""
"M01","prepadeni","rekni_ptackovi_ze_muze_zautocit","","","","","","","False","0","False",""
"M01","prepadeni","zautoc_v_navazujici_rade_uderu","zautoc_na_ptacka_v_navazujici_rade_uderu","","","","","","False","0","False",""
"M01","prepadeni","blokuj_utoky","blokuj_ptackovi_utoky","","","","","","False","0","False",""
"M01","prepadeni","odraz_utok_perfektnim_blokem","odraz_ptackovi_utoky_perfektnim_blokem","","","","","","False","0","False",""
"M01","prepadeni","odraz_utok_perfektnim_blokem_a_navaz_ripostou","odraz_ptackovi_utoky_perfektnim_blokem_a_navaz_ripostou","","","","","","False","0","False",""
"M01","prepadeni","zasahni_odkrytou_stranu","zasahni_ptacka_z_protilehle_strany_kde_drzi_zbran","","","","","","False","0","False",""
"M01","prepadeni","poraz_ptacka_v_duelu","poraz_ptacka_v_duelu","","","","","","False","0","False",""
"M01","prepadeni","eatWithOthers","eatWithOthers","","","","","","False","0","False",""
"M01","prepadeni","crouch","crouch","","","","","","False","0","False",""
"M01","prepadeni","opatrne_nasleduj_ptacka_po_brehu","opatrne_nasleduj_ptacka_po_brehu","","","","","","False","0","False",""
"M01","prepadeni","odlakej_pradlenu_hozenim_kaminku","stoneThrowing","","","","","","False","0","False",""
"M01","prepadeni","dostan_se_s_ptackem_pryc","followPtacek","","","","","","False","0","False",""
"M01","prepadeni","prozkoumej_vstup_do_skal","findPathInRocks","","","","","","False","0","False",""
"M01","prepadeni","prezij","fight","","","","","","False","0","False",""
"M01","prepadeni","vrat_se_za_ptackem","backToPtacek","","","","","","False","0","False",""
"M01","prepadeni","najdi_ptacka","findPtacek","","","","","","False","0","False",""
"M01","prepadeni","utikej_s_ptackem","runWithPtacek","","","","","","False","0","False",""
"M01","prepadeni","pocet_zasahu_jindra","","","","","","","False","0","False",""
"M01","prepadeni","pocet_zasahu_ptacek","","","","","","","False","0","False",""
"M02","zachrana","zastav_krvaceni_","healBleeding","","","","","","False","0","False",""
"M02","zachrana","najez_se","najezSe","","","","","","False","0","False",""
"M02","zachrana","oplachni_se_u_kade","umyjSe","","","","","","False","0","False",""
"M02","zachrana","ukaz_se_bozene","ukazSe","","","","","","False","0","False",""
"M02","zachrana","marigoldGathered_visual","sber_byliny_1","","","","","","False","0","False",""
"M02","zachrana","nettleGathered_visual","sber_byliny","","","","","","False","0","False",""
"M02","zachrana","zakopej_mrtveho_chlapa","","","","","","","False","0","False",""
"M02","zachrana","herbTracker_visual","odevzdejByliny","","","","","","False","0","False",""
"M02","zachrana","findOutWhatIsHappening_visual","findOutWhatIsHappening","","","","","","False","0","False",""
"M02","zachrana","ozbroj","weaponfinding","","","","","","False","0","False",""
"M02","zachrana","ozbroj_se","weaponfinding_1","","","","","","False","0","False",""
"M02","zachrana","handleSeekers_visual","handleSeekers","","","","","","False","0","False",""
"M02","zachrana","makeHealingPotion_visual","makeHealingPotion","","","","","","False","0","False",""
"M02","zachrana","giveHealingPotionToHag_visual","","","","","","","False","0","False",""
"M02","zachrana","goToSleep_visual","goToSleep","zachrana.goToSleep_activate","goToSleep.SetActive","","","","False","0","True","Barbora/trosecko/zachrana/hibernace/leceni_ptacka__druhy_den/alchemy_tutorial/hrac_jde_spat.xml"
"M02","zachrana","sitDown_visual","sitDown","","","","","","False","0","False",""
"M02","zachrana","leaveArea_visual","leaveArea","","","","","","False","0","False",""
"M02","zachrana","zakopej_hrdloreza_mikese","","","","","","","False","0","False",""
"M02","zachrana","zakopej_lotra_kozlika","","","","","","","False","0","False",""
"M02","zachrana","podivej_se_do_knihy","state3","","","","","","False","0","False",""
"M02","zachrana","precti_si_recept_a_pak_se_vrat_ke_stolu","state3","","","","","","False","0","False",""
"M02","zachrana","nalij_spravny_zaklad_do_kotliku","state5","","","","","","False","0","False",""
"M02","zachrana","posun_kotlik_dolu","state7","","","","","","False","0","False",""
"M02","zachrana","dostan_koltik_do_varu","state9","","","","","","False","0","False",""
"M02","zachrana","posun_kotlik_nahoru","state11","","","","","","False","0","False",""
"M02","zachrana","otevri_inventar","state13","","","","","","False","0","False",""
"M02","zachrana","nachystej_si_bylinky","state13","","","","","","False","0","False",""
"M02","zachrana","vhod_2_hrsti_hermanku_do_kotliku","state15","","","","","","False","0","False",""
"M02","zachrana","otoc_hodiny","state17","","","","","","False","0","False",""
"M02","zachrana","povar_hermanek_1_otocku","state18","","","","","","False","0","False",""
"M02","zachrana","posu","state20","","","","","","False","0","False",""
"M02","zachrana","podrt_hrst_salveje","state22","","","","","","False","0","False",""
"M02","zachrana","vhod_podrcenou_salvej_do_kotliku","state25","","","","","","False","0","False",""
"M02","zachrana","slij_lektvar","state27","","","","","","False","0","False",""
"M02","zachrana","seber_ryc","zvedniRycObecne","","","","","","False","0","False",""
"M02","zachrana","zvedni_mrtolu","bores__zvedni_mrtvolu","","","","","","False","0","False",""
"M02","zachrana","dones_mrtvolu_k_potoku","bores__dones_mrtvolu_na_misto","","","","","","False","0","False",""
"M02","zachrana","vykopej_hrob","bores__vykopej_hrob","","","","","","False","0","False",""
"M02","zachrana","poloz_mrtvolu_do_blizkosti_hrobu","bores__poloz_mrtvolu_do_hrobu","","","","","","False","0","False",""
"M02","zachrana","zakopej_mrtvolu","bores_zakopej","","","","","","False","0","False",""
"M02","zachrana","zvedni_mikese","mikes__zvedni_mrtvolu","","","","","","False","0","False",""
"M02","zachrana","dones_mikese_k_potoku","mikes__dones_mrtvolu_na_misto","","","","","","False","0","False",""
"M02","zachrana","vykopej_hrob_mikes","mikes__vykopej_hrob","","","","","","False","0","False",""
"M02","zachrana","zakopej_mikese","mikes__zakopej_mrtvolu","","","","","","False","0","False",""
"M02","zachrana","dones_kozlika_k_potoku","kozlik__dones_mrtvolu_na_misto","","","","","","False","0","False",""
"M02","zachrana","zvedni_kozlika","kozlik__zvedni_mrtvolu","","","","","","False","0","False",""
"M02","zachrana","vykopej_hrob_kozlik","kozlik__vykopej_hrob","","","","","","False","0","False",""
"M02","zachrana","zakopej_kozlika","kozlik__zakopej_mrtvolu","","","","","","False","0","False",""
"M02","zachrana","poloz_kozlika_do_blizkosti_hrobu","kozlik__poloz_mrtvolu_do_hrobu","","","","","","False","0","False",""
"M02","zachrana","poloz_mikese_do_blizkosti_hrobu","mikes__poloz_mrtvolu_do_hrobu","","","","","","False","0","False",""
"M02","zachrana","zkontroluj_bozenu","promluvSBozenou","","","","","","False","0","False",""
"M02","zachrana","log","logAboutSeekers","","","","","","False","0","False",""
"M03","socky","zjisti_jak_se_dostat_k_bergovovi","zjistiJakSeDostatNaHrad","","","","","","False","0","False",""
"M03","socky","umyj_se_u_kade","umyjSe","","","","","","False","0","False",""
"M03","socky","promluv_si_s_zenou_od_rybnika","promluvSiSKaterinou","","","","","","False","0","False",""
"M03","socky","zjisti_vic_o_seminove_svatbe","zjistiVicOSvatbe","","","","","","False","0","False",""
"M03","socky","rekni_ptackovi_o_praci","rekniPtackoviOPraci","","","","","","False","0","False",""
"M03","socky","nos_pytle_05","sackcarrying","","","","","","False","0","False",""
"M03","socky","vrat_se_za_ptackem","vratSeZaPtackem","","","","","","False","0","False",""
"M03","socky","bran_ptacka","branPtacka","","","","","","False","0","False",""
"M05","svatba","najdi_cestu_na_svatbu","wayToWedding","","","","","","False","0","False",""
"M05","svatba","dostan_se_na_svatbu_za_pomoci_kovare","BlacksmihtLine","","","","","","False","0","False",""
"M05","svatba","dostan_se_na_svatbu_za_pomoci_mlynare","MillerLine","","","","","","False","0","False",""
"M05","svatba","pockej_na_bergova","waitForBergov","","","","","","False","0","False",""
"M05","svatba","promluv_si_s_rychtarovym_synem","talkToBailiffSon","","","","","","False","0","False",""
"M05","svatba","sbal_holku","hitOnTheGirl","","","","","","False","0","False",""
"M05","svatba","poraz_urazeneho_protivnika","duelWithVujtek","","","","","","False","0","False",""
"M05","svatba","promluv_si_s_myskou_o_samote","speakWithMyska","","","","","","False","0","False",""
"M05","svatba","promluv_si_s_rychtarovym_synem_znovu","talkWithBailiffSonAgain","","","","","","False","0","False",""
"M05","svatba","promluv_si_s_panem_seminem","talkToSemin","","","","","","False","0","False",""
"M05","svatba","promluv_si_s_moravaky","speakWithMoravians","","","","","","False","0","False",""
"M05","svatba","sezen_piti_pro_moravaky","getTheBooze","","","","","","False","0","False",""
"M05","svatba","promluv_si_se_straznym_u_brany","state5","","","","","","False","0","False",""
"M05","svatba","sezen_jidlo_pro_chude","foodForPoor","","","","","","False","0","False",""
"M05","svatba","posbirej_jidlo_ze_stolu","foodCount","","","","","","False","0","False",""
"M05","svatba","najdi_mec_pro_seminova_syna","findSword","","","","","","False","0","False",""
"M05","svatba","dones_mec_kovari","bringSowrdToBlacksmith","","","","","","False","0","False",""
"M05","svatba","najdi_konkubinu","findConcubine","","","","","","False","0","False",""
"M05","svatba","vrat_se_za_komorim","speakWithChamberlain","","","","","","False","0","False",""
"M05","svatba","poblahoprej_novomanzelum","afterCeremony","","","","","","False","0","False",""
"M05","svatba","bran_se","brawl","","","","","","False","0","False",""
"M05","svatba","promluv_si_s_hajnym","speakWithHuntsman","","","","","","False","0","False",""
"M05","svatba","pohlidej_hajneho_aby_se_neopil","guardHuntsman","","","","","","False","0","False",""
"M05","svatba","najdi_hajneho","findHuntsman","","","","","","False","0","False",""
"M05","svatba","pomoz_hajnemu_na_nohy","helpHuntsman","","","","","","False","0","False",""
"M05","svatba","promluv_si_s_hajneho_zenou","TellHisWife","","","","","","False","0","False",""
"M05","svatba","vyzvi_mladeho_semina_na_souboj","withYoungSemin","","","","","","False","0","False",""
"M05","svatba","vyzvi_hejtmana_suka_na_souboj","withSuk","","","","","","False","0","False",""
"M05","svatba","vyzvi_rychtarova_syna_na_souboj","withBailifsSon","","","","","","False","0","False",""
"M05","svatba","vyzvi_pana_semina_na_souboj","withOldSemin","","","","","","False","0","False",""
"M05","svatba","vyzvi_doubravku_k_tanci","danceWithBadDancer","","","","","","False","0","False",""
"M05","svatba","ziskej_odznacek_od_lekarnika","withEmerich","","","","","","False","0","False",""
"M05","svatba","ziskej_odznacek_od_kovare","letsPlayBlacksmith","","","","","","False","0","False",""
"M05","svatba","ziskej_odznacek_od_komoriho","letsPlayChamberlain","","","","","","False","0","False",""
"M05","svatba","vyzvi_a_poraz_rychtare_v_kostkach","letsPlayDrozd","","","","","","False","0","False",""
"M05","svatba","vyhraj_zlaty_odznacek_nad_hostinskou","letsPlayInnkeeper","","","","","","False","0","False",""
"M05","svatba","najdi_mladika_ve_zlutm","manInYellow","","","","","","False","0","False",""
"M06","naTroskach","zachran_pana_ptacka_pred_popravou","zachran_pana_ptacka_pred_popravou","naTroskach.09_initOutOfPrison","zachran_pana_ptacka_pred_popravou.SetActive","haste09Probehl.SetTrue|State;najdi_hejtmana_tomase.SetActive|State;naTroskach.SetActive|State;NPCs_TeleportIngame.teleport|NPCs_TeleportIngame;Output.stream_ptacek|Output;probuzeni.haste_outofprison|probuzeni","","","False","0","False","Barbora/trosecko/naTroskach.xml"
"M06","naTroskach","dostan_se_k_tomasovi","najdi_hejtmana_tomase","naTroskach.09_initOutOfPrison","najdi_hejtmana_tomase.SetActive","haste09Probehl.SetTrue|State;naTroskach.SetActive|State;NPCs_TeleportIngame.teleport|NPCs_TeleportIngame;Output.stream_ptacek|Output;probuzeni.haste_outofprison|probuzeni;zachran_pana_ptacka_pred_popravou.SetActive|State","","","False","0","False","Barbora/trosecko/naTroskach.xml"
"M06","naTroskach","nanos_pytle_do_pristresku_na_uhli","sackcarrying","","","","","","False","0","False",""
"M06","naTroskach","odemkni_fance_truhlici_s_korenim","state1","","","","","","False","0","False",""
"M06","naTroskach","pomoz_koldovi_se_sekerou","ber_koldovu_sekeru","","","","","","False","0","False",""
"M06","naTroskach","sezen_kabatovi_ruzenec","sezen_kabatovi_ruzenec","","","","","","False","0","False",""
"M06","naTroskach","zjisti_jaky_lek_podat_hejtmanu_tomasovi","figureOutTheMedicine","","","","","","False","0","False",""
"M06","naTroskach","obstarej_tonicum_proti_horecce","acquireTheMedicine","","","","","","False","0","False",""
"M06","naTroskach","dones_lek_zpatky_tomasovi","bringMedicineToTomas","","","","","","False","0","False",""
"M06","naTroskach","obstarej_kovarovi_podkovu","prines_kovari_podkovy","","","","","","False","0","False",""
"M06","naTroskach","dones_koldovi_nabrousenou_sekeru","nabrus_koldovi_sekeru","","","","","","False","0","False",""
"M06","naTroskach","promluv_si_s_kovarem","promluv_si_s_kovarem","","","","","","False","0","False",""
"M06","naTroskach","sezen_panu_komorimu_odvar_na_zaludek","uplnaDiagnozaObj","","","","","","False","0","False",""
"M06","naTroskach","sezen_panu_komorimu_neco_na_zaludek","castecnaDiagnozaObj","","","","","","False","0","False",""
"M06","naTroskach","najdi_si_praci_kolem_sibenice","state52","","","","","","False","0","False",""
"M06","naTroskach","dones_podkovu_kabatovi","state13","","","","","","False","0","False",""
"M07","nebakovPruzkum","nasleduj_komoriho","nasledujKomoriho","","","","","","False","0","False",""
"M07","nebakovPruzkum","vezmi_si_sve_vybaveni","prozkoumejTruhlu","","","","","","False","0","False",""
"M07","nebakovPruzkum","setkej_se_s_janem_ptackem","","","","","","","False","0","False",""
"M07","nebakovPruzkum","promluv_s_pacholkem_ve_staji","promluvSpodkonim","","","","","","False","0","False",""
"M07","nebakovPruzkum","doprovod_jana_ptacka_na_nebakov","doprovPtackaNaNebakov","","","","","","False","0","False",""
"M07","nebakovPruzkum","zavod_s_janem_ptackem","zavodPtacek","","","","","","False","0","False",""
"M07","nebakovPruzkum","prozkoumej_tvrz","podezdreni","","","","","","False","0","False",""
"M07","nebakovPruzkum","zjisti_vic_o_nebakovskych_konich","zjistovaniKone","","","","","","False","0","False",""
"M07","nebakovPruzkum","pockej_az_ptacek_dokonci_jednani","waitForPtacek","","","","","","False","0","False",""
"M07","nebakovPruzkum","doprovod_jana_ptacka_zpet_na_trosky","doprovodPtackaNaTrosky","","","","","","False","0","False",""
"M07","nebakovPruzkum","setkej_se_s_janem_ptackem_na_troskach","setkaniNaTroskach","","","","","","False","0","False",""
"M07","nebakovPruzkum","doprovod_klaru_pri_vychazce","nasledujKlaru","","","","","","False","0","False",""
"M07","nebakovPruzkum","promluv_si_s_klarou","promluvSKlarou","","","","","","False","0","False",""
"M07","nebakovPruzkum","zjisti_klarino_tajemstvi","klaraOdmena","","","","","","False","0","False",""
"M07","nebakovPruzkum","poraz_hertla_v_zavode","porazHertla","","","","","","False","0","False",""
"M07","nebakovPruzkum","dojed_k_sypce_u_nebakovskeho_mlyna","CrossCountry_Gate_Objective_GateSpectators","","","","","","False","0","False",""
"M07","nebakovPruzkum","dojed_zpatky_na_nebakov","CrossCountryContest","","","","","","False","0","False",""
"M07","nebakovPruzkum","vyzvedni_si_u_pelcla_vyhru","reward","","","","","","False","0","False",""
"M07","nebakovPruzkum","spolecne_s_ptackem_oznam_panu_bergovovi_vas_navrat","report","","","","","","False","0","False",""
"M07","nebakovPruzkum","sezen_mesicek_pro_klaru","sbirani_kvetin_2","","","","","","False","0","False",""
"M07","nebakovPruzkum","dones_klare_byliny_new","prinesByliny","","","","","","False","0","False",""
"M07","nebakovPruzkum","seznam_se_s_pobocnikem_michalem","seznameniKapitana","","","","","","False","0","False",""
"M07","nebakovPruzkum","pomer_se_s_michalem_ve_zbrani","bojMichal","","","","","","False","0","False",""
"M07","nebakovPruzkum","sezen_vlci_mak_pro_klaru","sbirani_kvetin_1","","","","","","False","0","False",""
"M07","nebakovPruzkum","sezen_salvej_pro_klaru","sbirani_kvetin","","","","","","False","0","False",""
"M07","nebakovPruzkum","promluv_s_michalem_o_vysledku_souboje","promluvSMichalemPoSouboji","","","","","","False","0","False",""
"M07","nebakovPruzkum","opatri_si_nekde_vlastniho_kone","ziskejKone","","","","","","False","0","False",""
"M08","mucirna","mucirna_a","defaultTortureLog_objective","","","","","","False","0","False",""
"M08","mucirna","promluv_si_s_ptackem","talkToCapon_objective","","","","","","False","0","False",""
"M08","mucirna","vyslechni_s_ptackem_zajatce_v_mucirne","torture_objective","","","","","","False","0","False",""
"M08","mucirna","sdel_bergovovi_vysledek_vyslechu","returnToBergov_objective","","","","","","False","0","False",""
"M08","mucirna","pockej_na_podvecer_nez_hasek_pripravi_svoje_muze","waitForSoldiers_objective","","","","","","False","0","False",""
"M08","mucirna","promluv_si_s_ptackem_kvuli_seminu","talkToCaponAboutSeminRaid_objective","","","","","","False","0","False",""
"M08","mucirna","dozen_vypravu_mirici_na_semin","reachRaidParty_objective","","","","","","False","0","False",""
"M08","mucirna","jed_s_vojaky_a_ptackem_na_semin","rideToSemin_objective","mucirna._activateRideToSeminObjective","rideToSemin_objective.SetActive","","","","False","0","True","Barbora/trosecko/mucirna/hibernation/cesta_na_semin/tour_na_semin.xml"
"M08","mucirna","poraz_semina_a_jeho_muze","pozabijejSeminske","","","","","","False","0","False",""
"M08","mucirna","pozabijej_vojaky","killSoldiers","","","","","","False","0","False",""
"M08","mucirna","promluv_si_s_purkrabim","","","","","","","False","0","False",""
"M08","mucirna","promluv_si_se_seminem","promluvSeSeminemSr","","","","","","False","0","False",""
"M08","mucirna","prohledej_tvrz_a_najdi_oldricha","najdiSeminaJr","","","","","","False","0","False",""
"M08","mucirna","poraz_haska_v_duelu","zabHaska","","","","","","False","0","False",""
"M08","mucirna","zbav_se_haskovych_muzu","pobijVojaky","","","","","","False","0","False",""
"M08","mucirna","podej_rano_zpravu_bergovovi","dejReportBergovovi","","","","","","False","0","False",""
"M08","mucirna","pockej_az_se_ptacek_vrati_ze_semina_a_promluv_si_s_nim","talkToPtacek_objective","","","","","","False","0","False",""
"M09","utokNaNebakov","promluv_si_vecer_s_ptackem","talkWithCapon","","","","","","False","0","False",""
"M09","utokNaNebakov","hoduj_a_uzivej_si_zivota","drinkEatHaveFun","","","","","","False","0","False",""
"M09","utokNaNebakov","dobre_se_vyspi","goToSleep","","","","","","False","0","False",""
"M09","utokNaNebakov","zajdi_za_ptackem","talkToCapon","","","","","","False","0","False",""
"M09","utokNaNebakov","prines_florianuv_prsten","getFridusRing","","","","","","False","0","False",""
"M09","utokNaNebakov","proved_intriku_s_prstenem","giveRingToAdleta","","","","","","False","0","False",""
"M09","utokNaNebakov","ziskej_odmenu_od_palecka","goBackToPalecek","","","","","","False","0","False",""
"M09","utokNaNebakov","zajdi_do_kuchyne_pro_vino","getWine","utokNaNebakov.give_wineForCapon","getWine.SetDone","Output.jindra_dostal_vino|Output","","","False","0","False","Barbora/trosecko/utokNaNebakov/hibernovana_gameplay/na_troskach/v_kuchyni.xml"
"M09","utokNaNebakov","zajdi_pro_vyzbroj","goGetEquipment","","","","","","False","0","False",""
"M09","utokNaNebakov","vezmi_zbroj_z_truhly","pickUpEquipment","","","","","","False","0","False",""
"M09","utokNaNebakov","otevri_bednu_s_jablky","unlockChest","","","","","","False","0","False",""
"M09","utokNaNebakov","predej_vino_a_zbroj_ptackovi","bringWineAndArmorToCapon","","","","","","False","0","False",""
"M09","utokNaNebakov","vyjed_do_bitvy","toBattle","","","","","","False","0","False",""
"M09","utokNaNebakov","jdi_za_ptackem","gobackToCapon","","","","","","False","0","False",""
"M09","utokNaNebakov","jdi_s_ptackem_dolu_k_mlynu","saveWithCapon","","","","","","False","0","False",""
"M09","utokNaNebakov","bran_komoriho","saveKomori","","","","","","False","0","False",""
"M09","utokNaNebakov","projdi_kolem_zaseku","findWayOut","","","","","","False","0","False",""
"M09","utokNaNebakov","prezij_souboj","winDuel","","","","","","False","0","False",""
"M09","utokNaNebakov","ziskej_zpet_vino_pro_ptacka","getBackWine","","","","","","False","0","False",""
"M09","utokNaNebakov","ziskej_zpet_florianuv_prsten","getFridusRingBack","","","","","","False","0","False",""
"M10","bohutovaVlozka","promluv_si_s_uprchliky_ze_mlyna","talkToFugitives_objective","","","","","","False","0","False",""
"M10","bohutovaVlozka","promluv_si_s_rybarem","talkToTheFisherman_objective","","","","","","False","0","False",""
"M10","bohutovaVlozka","jed_na_misto_prepadeni_u_nebakovskeho_mlyna","bohutaTravelsToErikState_objective","","","","","","False","0","False",""
"M10","bohutovaVlozka","poraz_lapky","defeatBandits_objective","","","","","","False","0","False",""
"M10","bohutovaVlozka","promluv_si_s_erikem","talkToErikAfterFight_objective","","","","","","False","0","False",""
"M10","bohutovaVlozka","nasedni_na_sveho_kone","bohutaHorseMounting_objective","","","","","","False","0","False",""
"M10","bohutovaVlozka","jed_s_erikem_na_nebakov","followErikToNebakov_objective","","","","","","False","0","False",""
"M10","bohutovaVlozka","zjisti_informace_o_zajatcich","findOutAboutCaptives_objective","","","","","","False","0","False",""
"M10","bohutovaVlozka","poraz_povstalce_a_ubran_nebakov","defendNebakov_objective","","","","","","False","0","False",""
"M10","bohutovaVlozka","promluv_si_s_hejtmanem","talkToZizka_objective","","","","","","False","0","False",""
"M10","bohutovaVlozka","zkus_od_pisty_zjistit_vic_informaci","insultPista_objective","","","","","","False","0","False",""
"M10","bohutovaVlozka","promluv_si_s_hejtmanem_a_bohutou_o_dalsich_planech","talkToEveryone_objective","","","","","","False","0","False",""
"M11","nebakovObrana","jdi_s_bohutou","jitPohrbivat","","","","","","False","0","False",""
"M11","nebakovObrana","pochovej_mrtve","samotnePohrbivani","","","","","","False","0","False",""
"M11","nebakovObrana","promluv_si_s_bohutou","poPohrbivani","","","","","","False","0","False",""
"M11","nebakovObrana","zajdi_za_bohutou_do_prikopu","goToTutorial","","","","","","False","0","False",""
"M11","nebakovObrana","nauc_se_strilet_z_pusky","tutorialStrelby","","","","","","False","0","False",""
"M11","nebakovObrana","zkus_si_ziskat_nove_spojence","novaSpojenectviState","","","","","","False","0","False",""
"M11","nebakovObrana","naloz_pytle_na_vuz","sackcarrying","","","","","","False","0","False",""
"M11","nebakovObrana","nabidni_klare_pomoc","henryOfferedHealing","","","","","","False","0","False",""
"M11","nebakovObrana","pomoz_ranenym","zajdiZaKlarouObjective","","","","","","False","0","False",""
"M11","nebakovObrana","osetri_marka","healingState_marek","","","","","","False","0","False",""
"M11","nebakovObrana","osetri_cverka","healingState_cverk","","","","","","False","0","False",""
"M11","nebakovObrana","osetri_mikese","","","","","","","False","0","False",""
"M11","nebakovObrana","osetri_kozlika","healingState_kozlik","","","","","","False","0","False",""
"M11","nebakovObrana","vrat_se_za_klarou","vratSeZaKlarouState","","","","","","False","0","False",""
"M11","nebakovObrana","sezen_pro_pelcla_podkovy","helpPelcl","","","","","","False","0","False",""
"M11","nebakovObrana","pomoz_bejkovi_v_kovarne","helpBejk","","","","","","False","0","False",""
"M11","nebakovObrana","zahrej_si_kostky_s_ptackem","","","","","","","False","0","False",""
"M11","nebakovObrana","jdi_spat_do_srubu","goSleep","","","","","","False","0","False",""
"M11","nebakovObrana","poplach_jdi_na_hradby","","","","","","","False","0","False",""
"M11","nebakovObrana","bran_hrad","objectiveUbranTvrtz","","","","","","False","0","False",""
"M11","nebakovObrana","shod_zebriky","attackWithLaddersObjective","","","","","","False","0","False",""
"M11","nebakovObrana","odraz_utok_na_branu","defendGateObjective","nebakovObrana.bitva_7_branaOdrazeno","defendGateObjective.SetDone","","","","False","0","True","Barbora/trosecko/nebakovObrana/bitva_o_tvrz_nebakov/utok_na_branu.xml"
"M11","nebakovObrana","promluv_s_zizkou","TalkToZizkaObjective","","","","","","False","0","False",""
"M11","nebakovObrana","odraz_zalozni_utok","ambushState","","","","","","False","0","False",""
"M11","nebakovObrana","pomoz_bohutovi_na_nadvori","lastStandState","","","","","","False","0","False",""
"M11","nebakovObrana","shod_zebrik_1","","","","","","","False","0","False",""
"M12","vezniNaTroskach","podivej_se_po_rozkazech_v_pisarovych_komnatach","prohledej_pisarovu_komnatu","","","","","","False","0","False",""
"M12","vezniNaTroskach","podivej_se_po_rozkazech_v_pistovych_komnatach","prohledej_pistovu_komnatu","","","","","","False","0","False",""
"M12","vezniNaTroskach","vem_si_zpet_svoje_zabavene_veci","najdi_svoje_veci_budou_se_ti_hodit","","","","","","False","0","False",""
"M12","vezniNaTroskach","zabij_pistu","zabij_pistu","","","","","","False","0","False",""
"M12","vezniNaTroskach","podivej_se_po_zikmundovych_rozkazech_v_bergovovych_komnatach_na_panne","najdi_rozkazy_na_panne","","","","","","False","0","False",""
"M12","vezniNaTroskach","promluv_s_bohutou_o_odchodu","promluv_s_bohutou_odchod","","","","","","False","0","False",""
"M12","vezniNaTroskach","odemkni_dvere_do_tajne_chodby","","","","","","","False","0","False",""
"M12","vezniNaTroskach","doprovod_zizku_katerinu_a_bohutu_na_konec_chodby","dojdi_na_konec_chodby","vezniNaTroskach.startApolenaGameplay","dojdi_na_konec_chodby.SetDone","","","","False","0","True","Barbora/trosecko/vezniNaTroskach/hibernable/tajna_chodba/objective_dojdi_na_konec_chodby.xml"
"M12","vezniNaTroskach","nasleduj_bohutu_dolu_do_chodby","nasledujBohutu","","","","","","False","0","False",""
"M12","vezniNaTroskach","najdi_klice_od_hradu","najdi_klice","","","","","","False","0","False",""
"M12","vezniNaTroskach","setkej_se_s_mikou_v_opustenem_tabore","campObj","","","","","","False","0","False",""
"M12","vezniNaTroskach","rozvaz_svazaneho_miku","untieMikaObj","","","","","","False","0","False",""
"M12","vezniNaTroskach","jdi_na_jih_k_dvojte_skale_s_rozbitym_vozem","secondApolenaObj","","","","","","False","0","False",""
"M12","vezniNaTroskach","projdi_mezi_skalami_do_kopce","thirdApolenaObj","","","","","","False","0","False",""
"M12","vezniNaTroskach","pokracuj_na_jih_az_na_konec_apoleny","lastApolenaObj","","","","","","False","0","False",""
"M30","posledniPomazani","jdi_po_schodech_na_predni_hradby","bitevniCast","","","","","","False","0","False",""
"M30","posledniPomazani","bran_predni_hradby","bitevniCast","","","","","","False","0","False",""
"M30","posledniPomazani","pomoz_na_nadvori_s_obranou_brany","bitevniCast","","","","","","False","0","False",""
"M30","posledniPomazani","nasleduj_velitele_na_bocni_hradbu","bitevniCast","","","","","","False","0","False",""
"M30","posledniPomazani","shod_zebrik","bitevniCast","","","","","","False","0","False",""
"M30","posledniPomazani","zbav_se_vsech_nepratel_na_hradbe","bitevniCast","","","","","","False","0","False",""
"M31","prijezdNaSuchdol","nasleduj_zizku_a_katerinu","nasledujFormaci","prijezdNaSuchdol.disableInputFilter","nasledujFormaci.SetNone","","","","False","0","True","Barbora/kutnohorsko/prijezdNaSuchdol/prijezd/cin_m3110k_prijezdnasuchdol__arrival_suchdol.xml"
"M31","prijezdNaSuchdol","promluv_si_s_panem_piskem_v_hodovnim_sale","jdiZaPiskem","","","","","","False","0","False",""
"M31","prijezdNaSuchdol","bez_se_vyspat","jdiSpat","","","","","","False","0","False",""
"M31","prijezdNaSuchdol","pred_spanim_se_vykoupej","vykoupejSe","","","","","","False","0","False",""
"M31","prijezdNaSuchdol","najdi_zizku","najdiZizku","","","","","","False","0","False",""
"M31","prijezdNaSuchdol","utkej_se_se_straznym","Duel","","","","","","False","0","False",""
"M31","prijezdNaSuchdol","promluv_si_s_katerinou_o_souboji","vyhodnoceniDuelu","","","","","","False","0","False",""
"M31","prijezdNaSuchdol","bez_do_hodovni_sine_na_audienci","bezNaAudienci","","","","","","False","0","False",""
"M32","sedmStatecnych","jed_s_zizkou_do_certovky","jed_s_zizkou_do_certovky","","","","","","False","0","False",""
"M32","sedmStatecnych","pomoz_kubenkovi_v_bitce","sejmi_kubenkovi_nasilniky","sedmStatecnych.sedmStatecnych_kubenkaZachranen","sejmi_kubenkovi_nasilniky.SetDone","","","","False","0","True","Barbora/kutnohorsko/sedmStatecnych/h/prijezd_do_certovky/bitka_s_kubenkou.xml"
"M32","sedmStatecnych","nasleduj_kubenku_ke_zbranim","nasleduj_kubenku_ke_zbranim","","","","","","False","0","False",""
"M32","sedmStatecnych","ziskej_zbrane","ziskej_zbrane","","","","","","False","0","False",""
"M32","sedmStatecnych","rekni_kubenkovi_ze_muzete_vyrazit","rekni_kubenkovi_ze_muzete_vyrazit","","","","","","False","0","False",""
"M32","sedmStatecnych","predej_zizkovi_nalezene_rucnice","promluvSiSZizkou","sedmStatecnych.test_promluvSiSZizkouCertDone","promluvSiSZizkou.SetDone","","","","False","0","True","Barbora/kutnohorsko/sedmStatecnych/h/zachrana_certa/presun_a_priprava_na_prepadeni.xml"
"M32","sedmStatecnych","zachran_sucheho_certa","zachran_certa","sedmStatecnych.certZachranen","zachran_certa.SetDone","","","","False","0","True","Barbora/kutnohorsko/sedmStatecnych/h/zachrana_certa/masivni_bitka_o_zachranu_certa.xml"
"M32","sedmStatecnych","rekni_zizkovi_ze_se_muzete_vratit","rekni_zizkovi_ze_muzete_vypadnout","","","","","","False","0","False",""
"M32","sedmStatecnych","zjisti_co_bude_dal","debriefuj_se_v_certovce_s_klukama","","","","","","False","0","False",""
"M32","sedmStatecnych","nasleduj_kubenku_k_mistu_prepadeni","nasleduj_kubenku","","","","","","False","0","False",""
"M32","sedmStatecnych","odjed_na_certovku_na_debriefing","","","","","","","False","0","False",""
"M33","hledaniLichtenstejna","talkToKaterina","talkToKaterina","hledaniLichtenstejna.03___complete_talkToKaterina","talkToKaterina.SetDone","","","","False","0","True","Barbora/kutnohorsko/hledaniLichtenstejna/rande_s_katerinou.xml"
"M33","hledaniLichtenstejna","searchForKozina","searchForKozina","hledaniLichtenstejna.05___complete_searchForKozina_baths","searchForKozina.SetDone","","","","False","0","True","Barbora/kutnohorsko/hledaniLichtenstejna/hledani_koziny.xml"
"M33","hledaniLichtenstejna","naklon_si_cenka","talkToCenek","","","","","","False","0","False",""
"M33","hledaniLichtenstejna","getRespect","getRespect","","","","","","False","0","False",""
"M33","hledaniLichtenstejna","questionMari","state1","","","","","","False","0","False",""
"M33","hledaniLichtenstejna","followDrunkenUdo","followDrunkenUdo","","","","","","False","0","False",""
"M33","hledaniLichtenstejna","drunkenCzechLuringKozinaOut","drunkenCzechLuringKozinaOut","","","","","","False","0","False",""
"M33","hledaniLichtenstejna","talkToSamuel","talkToSamuel","","","","","","False","0","False",""
"M33","hledaniLichtenstejna","meetingWithSamuel","meetingWithSamuel","","","","","","False","0","False",""
"M33","hledaniLichtenstejna","scuffleWithSamuelsMen","scuffleWithSamuelsMen","","","","","","False","0","False",""
"M33","hledaniLichtenstejna","outroLog","outroLog","","","","","","False","0","False",""
"M33","hledaniLichtenstejna","nastraz_past_na_kozinu","state9","","","","","","False","0","False",""
"M33","hledaniLichtenstejna","porad_se_s_katerinou","state11","","","","","","False","0","False",""
"M33","hledaniLichtenstejna","vrat_se_za_kozinou","state23","","","","","","False","0","False",""
"M33","hledaniLichtenstejna","objective2","state26","","","","","","False","0","False",""
"M33","hledaniLichtenstejna","pockej_na_zacatek_schuzky","state44","","","","","","False","0","False",""
"M34","kralovskeStribro","jdi_do_ruthardky","findRuthard","kralovskeStribro.complete_findRuthard","findRuthard.SetDone","","","","False","0","True","Barbora/kutnohorsko/kralovskeStribro/main_hibernable/sidlo_ruthardovcu.xml"
"M34","kralovskeStribro","pomoz_ruthardum","fightRuthardVsVavak","","","","","","False","0","False",""
"M34","kralovskeStribro","vrat_se_do_ruthardky","returnToRuthard","","","","","","False","0","False",""
"M34","kralovskeStribro","promluv_si_s_ruthardem","talkToRuthard","","","","","","False","0","False",""
"M34","kralovskeStribro","ziskej_dukazy_proti_vavakovi","gatherEvidenceAgainstVavak","","","","","","False","0","False",""
"M34","kralovskeStribro","promluv_si_s_kristianem_z_pisku","goSeeKristian","kralovskeStribro.goSeeKristian_done","goSeeKristian.SetDone","kristianArguesWithMaslo.SetDone|State","","","False","0","False","Barbora/kutnohorsko/kralovskeStribro/main_hibernable/seznameni_s_kristianem.xml"
"M34","kralovskeStribro","promluv_si_s_kristianem_v_ustrani","talkToKristianElsewhere","kralovskeStribro.enable_kristianAdditionalTopics","talkToKristianElsewhere.SetDone","haste_kristianAdditionalTopics.SetTrue|State","","","False","0","False","Barbora/kutnohorsko/kralovskeStribro/main_hibernable/doly.xml"
"M34","kralovskeStribro","najdi_vstup_do_dolu","findTheEntrance","","","","","","False","0","False",""
"M34","kralovskeStribro","zjisti_tezbu_frantovic_synku","resolveMinersShift1","","","","","","False","0","False",""
"M34","kralovskeStribro","zjisti_tezbu_pavlovic_synku","resolveMinersShift2","","","","","","False","0","False",""
"M34","kralovskeStribro","zjisti_tezbu_samkovic_synku","resolveMinersShift3","","","","","","False","0","False",""
"M34","kralovskeStribro","rekni_kristianovi_co_jsi_zjistil_od_haviru","goBackToKristianAfterShifts","kralovskeStribro.04_goToSmelter","goBackToKristianAfterShifts.SetDone","hornici__smeny.haste_go_to_smelters|hornici__smeny;Output.predani_dopisu|Output;savegame67.EnqueueSave|SaveGame","kralovskeStribro.03_gatheredNumbers","goto 2931.86 2239.91 115.27 -11.72 -0.00 -70.43","True","0","False","Barbora/kutnohorsko/kralovskeStribro/main_hibernable/doly.xml"
"M34","kralovskeStribro","donut_masla_spolupracovat","talkToMaslo","","","","","","False","0","False",""
"M34","kralovskeStribro","donut_hermana_spolupracovat","talkToOreseller","","","","","","False","0","False",""
"M34","kralovskeStribro","prober_s_kristianem_co_jste_zjistili_v_dolech","goBackToKristianAfterMines","","","","","","False","0","False",""
"M34","kralovskeStribro","promluv_si_s_buresem","talkToBures","","","","","","False","0","False",""
"M34","kralovskeStribro","prozkoumej_hute","exploreSmelter","kralovskeStribro.05_goToSecretMint","exploreSmelter.SetDone","Output.setbures|Output;Output.mapa_k_mincovne_predana_hraci|Output;Output.zacina_tajna_mincovna|Output;talkToBures.SetCompleted|State","kralovskeStribro.04_goToSmelter;kralovskeStribro.unstreamVokrakDeterrentArea","goto 3555.39 1797.44 107.00 -12.54 -0.00 142.05","True","0","False","Barbora/kutnohorsko/kralovskeStribro/main_hibernable/hute.xml"
"M34","kralovskeStribro","najdi_vokraka","findVokrak","","","","","","False","0","False",""
"M34","kralovskeStribro","prohledej_vokraka","lootVokrak","","","","","","False","0","False",""
"M34","kralovskeStribro","promluv_si_s_vokrakem","talkToVokrak","","","","","","False","0","False",""
"M34","kralovskeStribro","vrat_se_za_kristianem","goBackToKristianIfSmeltersDead","","","","","","False","0","False",""
"M34","kralovskeStribro","najdi_tajnou_mincovnu","findTheSecretMint","","","","","","False","0","False",""
"M34","kralovskeStribro","vysvobod_veznene_pregere","saveDetainedMoneyers","","","","","","False","0","False",""
"M34","kralovskeStribro","uzavrete_s_kristianem_vysetrovani","goBackToKristianAfterSecretMint","","","","","","False","0","False",""
"M35","zachranaPtacka","ohlas_se_ruthardum","talkWithRuthard","zachranaPtacka.02_afterTalkWithRuthard","talkWithRuthard.SetDone","Output.hrac_si_ma_promluvit_s_rozou|Output","","goto kkut_rozaRuthard","True","0","False","Barbora/kutnohorsko/zachranaPtacka/uvod_v_kutne_hore/uvodni_polylogova_smrst.xml"
"M35","zachranaPtacka","prednes_mincmistrovi_obvineni","presentAccusation","","","","","","False","0","False",""
"M35","zachranaPtacka","poraz_mincmistra_a_jeho_muze","defeatOldrichMen","","","","","","False","0","False",""
"M35","zachranaPtacka","promluv_si_s_rozou","talkWithRoza","zachranaPtacka.03_afterDialogueWithRoza","talkWithRoza.SetDone","","rozinaKniha.01_init","goto kmal_hastal","True","0","False","Barbora/kutnohorsko/zachranaPtacka/uvod_v_kutne_hore/u_rozy.xml"
"M35","zachranaPtacka","promluv_si_s_hastalem","talkWithHorseman","zachranaPtacka.04_afterDialogueWithHorseman","talkWithHorseman.SetDone","createplayerreward20.Exec|EventFunction","","playerGoto kutnohorsko 466.64 573.74 97.70 -38.93 -0.00 -159.87","True","0","False","Barbora/kutnohorsko/zachranaPtacka/cesta_na_malesov_a_hledani_chodby/u_konaka_hastala.xml"
"M35","zachranaPtacka","najdi_starou_kaplicku","findFirstCross","","","","","","False","0","False",""
"M35","zachranaPtacka","najdi_vstup_do_tajne_chodby","lookingForPassage","","","","","","False","0","False",""
"M35","zachranaPtacka","dostan_se_tajnou_chodbou_na_malesov","getToMalesov","zachranaPtacka.07_startMalesovMeetupCutscene","getToMalesov.SetDone","","","","False","0","True","Barbora/kutnohorsko/zachranaPtacka/cesta_na_malesov_a_hledani_chodby/hledani_tajny_chodbice/cesta_chodbou.xml"
"M35","zachranaPtacka","najdi_jana_ptacka","findCapon","","","","","","False","0","False",""
"M35","zachranaPtacka","uprchni_s_janem_ptackem_z_malesova","escapeFromMalesov","","","","","","False","0","False",""
"M35","zachranaPtacka","dostan_jana_ptacka_ke_konim","getCaponToHorses","","","","","","False","0","False",""
"M35","zachranaPtacka","obstarej_zbran_pro_jana_ptacka","getPtacekAWeapon","","","","","","False","0","False",""
"M35","zachranaPtacka","obstarej_zbran_pro_vaquelina_brabanta","getBrabantAWeapon","","","","","","False","0","False",""
"M35","zachranaPtacka","otevri_branu","gateOpening","","","","","","False","0","False",""
"M35","zachranaPtacka","doprovod_jana_ptacka_do_bezpeci","escortCapon","","","","","","False","0","False",""
"M37a","setkaniVRatbori1","getToTownHall_beforeTimeRunsOut","getToTownHall_beforeTimeRunsOut","","","","","","False","0","False",""
"M37a","setkaniVRatbori1","blackmailVavak","blackmailVavak","","","","","","False","0","False",""
"M37a","setkaniVRatbori1","getDocument","getDocument","setkaniVRatbori1.06_getDocument","getDocument.SetDone","","","","False","0","True","Barbora/kutnohorsko/setkaniVRatbori1/h/vniknuti_na_kutnohorskou_radu/glejt.xml"
"M37a","setkaniVRatbori1","getDisguise","waiterDisguiseObjective","","","","","","False","0","False",""
"M37a","setkaniVRatbori1","nahlas_se_do_sluzby","reportForDutyObjective","","","","","","False","0","False",""
"M37a","setkaniVRatbori1","obsluhuj_kutnohorske_radni","pourWineObjective","","","","","","False","0","False",""
"M37a","setkaniVRatbori1","dones_rychtari_plumelovi_zabavenou_dyku","plummelDaggerQuest","","","","","","False","0","False",""
"M37a","setkaniVRatbori1","najdi_a_prines_rukavice_franze_rosenthala","franzGlovesQuest","","","","","","False","0","False",""
"M37a","setkaniVRatbori1","seznam_se_s_brabantem","seznam_se_s_Brabantem","","","","","","False","0","False",""
"M37a","setkaniVRatbori1","seznam_se_s_rabinem_a_jeho_doprovodem","seznam_se_se_Samem_a_rabinem","","","","","","False","0","False",""
"M37a","setkaniVRatbori1","promluv_si_s_lichtenstejnem","promluv_si_s_lichtenstejnem","","","","","","False","0","False",""
"M37a","setkaniVRatbori1","sezen_podporu_u_anny_z_valdstejna","sezen_podporu_u_anny_z_valdstejna","","","","","","False","0","False",""
"M37a","setkaniVRatbori1","vymen_dokumenty_v_sedlovych_brasnach","vymenBalicky","","","","","","False","0","False",""
"M37a","setkaniVRatbori1","dostan_se_k_alderovym_spisum","","","","","","","False","0","False",""
"M37a","setkaniVRatbori1","sezen_podporu_u_hamana_aldera","sezen_podporu_u_krystofa_oderina_1","","","","","","False","0","False",""
"M37a","setkaniVRatbori1","utkej_se_s_krystofem_v_duelu","utkej_se_s_krystofem_v_duelu","","","","","","False","0","False",""
"M37a","setkaniVRatbori1","promluv_si_s_krystofem","dialoguWithKrystofAfterDuel","","","","","","False","0","False",""
"M37a","setkaniVRatbori1","sezen_podporu_u_bocka_z_kunstatu","sezen_podporu_u_kunstata","","","","","","False","0","False",""
"M37a","setkaniVRatbori1","promluv_si_lichtenstejnem_o_sehnane_podpore","promluv_si_lichtenstejnem_o_sehnane_podpore","","","","","","False","0","False",""
"M37a","setkaniVRatbori1","obsluhuj_krale_zikmunda_lucemburskeho","serveTheKingObjective","","","","","","False","0","False",""
"M37b","setkaniVRatbori2","bav_se_na_hostine_obs","bavSeSHosty","","","","","","False","0","False",""
"M37b","setkaniVRatbori2","promluv_si_s_lichtenstejnem","speakToLicht","","","","","","False","0","False",""
"M37b","setkaniVRatbori2","sezenk_vino_pro_lichtenstejna","","","","","","","False","0","False",""
"M37b","setkaniVRatbori2","dones_dzbanek_dobreho_vina_pro_damy","","","","","","","False","0","False",""
"M37b","setkaniVRatbori2","zachran_bratra","saveBrother","","","","","","False","0","False",""
"M37b","setkaniVRatbori2","bran_ratbor","helpOnCourt","","","","","","False","0","False",""
"M37b","setkaniVRatbori2","jed_na_pomoc_pratelum","jedNaPomoc","","","","","","False","0","False",""
"M37b","setkaniVRatbori2","poraz_utocniky_","porazUtocniky","","","","","","False","0","False",""
"M37b","setkaniVRatbori2","zjisti_co_se_stalo","afterBattlePolylog","","","","","","False","0","False",""
"M37b","setkaniVRatbori2","zjisti_co_se_odehralo","SamAndLichtPolylogs","","","","","","False","0","False",""
"M37b","setkaniVRatbori2","sezen_dzbanek_vina","sezenDzbanekVina","setkaniVRatbori2.pickWineSkip","sezenDzbanekVina.SetDone","","","","False","0","True","Barbora/kutnohorsko/setkaniVRatbori2/hibernable/zacatek_na_party/bohuta_jde_pro_vino.xml"
"M38","sedmStatecnych2","vyptej_se_kubenky_na_zbytek_bandy","vyptej_se_kubennky_na_zbytek_bandy","","","","","","False","0","False",""
"M38","sedmStatecnych2","promluv_si_s_rychtarem_v_miskovic","promluv_si_s_rychtarem_v_miskovic","","","","","","False","0","False",""
"M38","sedmStatecnych2","najdi_matouse","najdi_banditu","","","","","","False","0","False",""
"M38","sedmStatecnych2","promluv_si_s_matousem","promluv_si_s_banditou","","","","","","False","0","False",""
"M38","sedmStatecnych2","prohledej_misto_prepadeni","","","","","","","False","0","False",""
"M38","sedmStatecnych2","nasleduj_stopy_lapku","","","","","","","False","0","False",""
"M38","sedmStatecnych2","promluv_si_s_borutem","promluv_si_s_napravenym","sedmStatecnych2.promluvSiSBorutem","promluv_si_s_napravenym.SetDone","Output.ranek_by_mel_byt_v_pritokach|Output","","","False","0","False","Barbora/kutnohorsko/sedmStatecnych2/h/napraveny_borut.xml"
"M38","sedmStatecnych2","pomodli_se_s_borutem","pomodli_se_s_napravenym","","","","","","False","0","False",""
"M38","sedmStatecnych2","vyptej_se_na_ranka_v_hospode","vyptej_se_na_ranka_v_hospode","","","","","","False","0","False",""
"M38","sedmStatecnych2","promluv_si_s_kostkari","promluv_si_s_kostkari","","","","","","False","0","False",""
"M38","sedmStatecnych2","nasleduje_kostkare","nasleduje_kostkare","","","","","","False","0","False",""
"M38","sedmStatecnych2","najdi_ranka_ve_stoce","najdi_lukostrelce_ve_srackach","","","","","","False","0","False",""
"M38","sedmStatecnych2","vytahni_ranka_ze_stoky","vytahni_ranka_ze_stoky","","","","","","False","0","False",""
"M38","sedmStatecnych2","dones_luk_hracum_kostek","dones_luk_hracum_kostek","","","","","","False","0","False",""
"M38","sedmStatecnych2","vrat_se_za_hostinskym_v_bylanech","vrat_se_za_hostinskym_v_bylanech","","","","","","False","0","False",""
"M38","sedmStatecnych2","podivej_se_po_rankovi_u_latrin","podivej_se_po_rankovi_u_latryn","","","","","","False","0","False",""
"M38","sedmStatecnych2","najdi_ranka","najdi_ranka","","","","","","False","0","False",""
"M38","sedmStatecnych2","vyptej_se_na_komara","vyptej_se_na_komara","","","","","","False","0","False",""
"M38","sedmStatecnych2","promluv_si_s_reznikovou_zenou_v_pritocich","najdi_komara","","","","","","False","0","False",""
"M38","sedmStatecnych2","zachran_komara","zachran_komara","","","","","","False","0","False",""
"M38","sedmStatecnych2","odrizni_komara_od_stromu","odrizni_komara_nez_se_uskrti","","","","","","False","0","False",""
"M38","sedmStatecnych2","rozvaz_komara","rozvaz_komara","","","","","","False","0","False",""
"M38","sedmStatecnych2","promluv_si_s_komarem","promluv_si_s_komarem","","","","","","False","0","False",""
"M38","sedmStatecnych2","promluv_si_s_komarem_po_boji","promluv_si_s_komarem_po_boji","","","","","","False","0","False",""
"M38","sedmStatecnych2","pomoz_komarovi","pomoz_komarovi","","","","","","False","0","False",""
"M38","sedmStatecnych2","najdi_hanse","najdi_hanse","","","","","","False","0","False",""
"M38","sedmStatecnych2","promluv_si_s_rychtarem_v_miskovicich","promluv_si_s_rychtarem_v_miskovicich","","","","","","False","0","False",""
"M38","sedmStatecnych2","promluv_si_s_rychtarem_v_miskovicich_znovu","promluv_si_s_rychtarem_v_miskovicich_znovu","","","","","","False","0","False",""
"M38","sedmStatecnych2","vysvobod_hanse_z_pranyre","vysvobod_hanse_z_pranyre","","","","","","False","0","False",""
"M38","sedmStatecnych2","vylec_lojzu","healing","","","","","","False","0","False",""
"M38","sedmStatecnych2","promluv_si_s_certem","promluv_si_s_certem","","","","","","False","0","False",""
"M38","sedmStatecnych2","vrat_se_za_kubenkou","vrat_se_za_kubenkou","","","","","","False","0","False",""
"M38","sedmStatecnych2","podivej_se_po_hansovi_v_miskovicich","podivej_se_po_hansovi_v_miskovicich","","","","","","False","0","False",""
"M38","sedmStatecnych2","pohrbi_ranka","state4","","","","","","False","0","False",""
"M42","pogrom","odjed_vozem_do_kutne_hory","SedniNaVuz","","","","","","False","0","False",""
"M42","pogrom","dostan_se_do_mesta","NasledujLichta","","","","","","False","0","False",""
"M42","pogrom","prohledej_hospodu","ProzkoumejHospodu","","","","","","False","0","False",""
"M42","pogrom","pockej_na_samuela_pred_hospodou","RozhovorSLichtemASamem","","","","","","False","0","False",""
"M42","pogrom","jdi_za_samuelem","jdiZaSamem","","","","","","False","0","False",""
"M42","pogrom","dojdi_za_samuelovou_matkou","DojdiZaMatkou","","","","","","False","0","False",""
"M42","pogrom","utecte_pres_dvorky","UtekZadem","","","","","","False","0","False",""
"M42","pogrom","pobij_strelce_na_hradbach","ZabijVsechNaHradbach","","","","","","False","0","False",""
"M42","pogrom","probij_se_domem","ProbijSeDomem","pogrom.03b_completeMothersPart","ProbijSeDomem.SetDone","","","","False","0","True","Barbora/kutnohorsko/pogrom/hibernace/k_matce_a_s_matkou/utek_pres_dum.xml"
"M42","pogrom","vydrz_napor_pred_synagogou","skirmishAtSynagogue","pogrom.04a_cutscene_blockadeFire","skirmishAtSynagogue.SetDone","","","","False","0","True","Barbora/kutnohorsko/pogrom/hibernace/synagoga_a_jine_hity.xml"
"M42","pogrom","rozluc_se_se_sarou_a_odjed_certovky","talk","","","","","","False","0","False",""
"M44a","zikmunduvTabor","talkToZizkaStart","obj_talkToZizkaStart","","","","","","False","0","False",""
"M44a","zikmunduvTabor","finishMagnificentSevenParteDeux","obj_finishMagnificentSevenParteDeux","","","","","","False","0","False",""
"M44a","zikmunduvTabor","waitForSamsReturnAfterM38","obj_waitForSamsReturn","","","","","","False","0","False",""
"M44a","zikmunduvTabor","finishBothPrerequisities","","","","","","","False","0","False",""
"M44a","zikmunduvTabor","meet_catherine","state3","","","","","","False","0","False",""
"M44a","zikmunduvTabor","get_recruited","obj_get_recruited","zikmunduvTabor.05_dezerteri_start","obj_get_recruited.SetDone","Output.ft_do_polylogu|Output","","","False","0","False","Barbora/kutnohorsko/zikmunduvTabor/hib/verbung_u_desatnika.xml"
"M44a","zikmunduvTabor","bring_deserters_report","obj_bring_deserters_report","zikmunduvTabor.deserters_getItem","obj_bring_deserters_report.SetActive","","","","False","0","True","Barbora/kutnohorsko/zikmunduvTabor/hib/musa_a_dezerteri.xml"
"M44a","zikmunduvTabor","investigate_stabbing","obj_investigate_stabbing","","","","","","False","0","False",""
"M44a","zikmunduvTabor","investigate_murder","obj_investigate_murder","","","","","","False","0","False",""
"M44a","zikmunduvTabor","musaDlg_investigationStart","obj_musaDlg_investigationStart","","","","","","False","0","False",""
"M44a","zikmunduvTabor","investigateBody","obj_investigateBody","","","","","","False","0","False",""
"M44a","zikmunduvTabor","musaDlg_afterBookReadAndBodyInspected","obj_musaDlg_afterBookReadAndBodyInspected","","","","","","False","0","False",""
"M44a","zikmunduvTabor","findIngredientsStepan","prohledejStanStepan","","","","","","False","0","False",""
"M44a","zikmunduvTabor","findIngredientsGrozav","prohledejStanGrozava","","","","","","False","0","False",""
"M44a","zikmunduvTabor","plant_evidence","obj_plant_evidence","","","","","","False","0","False",""
"M44a","zikmunduvTabor","odjed_s_katzem_z_tabor","campLeave","","","","","","False","0","False",""
"M44a","zikmunduvTabor","pobij_prazany","obj_pobij_prazany","","","","","","False","0","False",""
"M44a","zikmunduvTabor","report_to_zizka","obj_report_to_zizka","","","","","","False","0","False",""
"M44a","zikmunduvTabor","najdi_vraha","","","","","","","False","0","False",""
"M44a","zikmunduvTabor","najdi_ztracene_vojaky","hledaniDezerteru","","","","","","False","0","False",""
"M44a","zikmunduvTabor","promluv_si_s_musou","promluvSMusou","","","","","","False","0","False",""
"M44a","zikmunduvTabor","pomoz_ranenemu_myskovi","leceniZraneneho","","","","","","False","0","False",""
"M44a","zikmunduvTabor","postarej_se_o_ztracene_vojaky","zabijDezertery","","","","","","False","0","False",""
"M44a","zikmunduvTabor","najdi_ztracenou_listinu","najdiDokument","","","","","","False","0","False",""
"M44a","zikmunduvTabor","prohledej_musuv_stan","state3","","","","","","False","0","False",""
"M44a","zikmunduvTabor","prohledej_stan_vojtecha_a_radovana","VojtechRadovan","","","","","","False","0","False",""
"M44a","zikmunduvTabor","precti_si_knihu_jedu","prectiSiKnizku","","","","","","False","0","False",""
"M44a","zikmunduvTabor","zabij_stepana","fightVrana","","","","","","False","0","False",""
"M44a","zikmunduvTabor","zabij_grozava","FightGrozav","","","","","","False","0","False",""
"M44a","zikmunduvTabor","pozadej_katerinu_o_pomoc_se_straznym","katerinaGuard","","","","","","False","0","False",""
"M44a","zikmunduvTabor","rekni_katerine_o_odjezdu_prazanu","katerinaEcho","","","","","","False","0","False",""
"M44a","zikmunduvTabor","promluv_si_s_katzem","","","","","","","False","0","False",""
"M44a","zikmunduvTabor","priprav_se_hajit_musu_pred_soudem","trialOBJ","","","","","","False","0","False",""
"M44b","utokNaMalesov","priprav_se_do_boje","getReady","","","","","","False","0","False",""
"M44b","utokNaMalesov","prijd_na_vecerni_poradu","goToEveningMeetup","","","","","","False","0","False",""
"M44b","utokNaMalesov","promluv_si_s_certem","speakWithCert","","","","","","False","0","False",""
"M44b","utokNaMalesov","poraz_certa","defeatCert","","","","","","False","0","False",""
"M44b","utokNaMalesov","zazen_vesnicany_na_utek","conquerTheVillage","","","","","","False","0","False",""
"M44b","utokNaMalesov","promluv_s_zizkou","talkWithZizka","","","","","","False","0","False",""
"M44b","utokNaMalesov","vyckej_na_rozkaz","waitForOrders","","","","","","False","0","False",""
"M44b","utokNaMalesov","utok","defeatVillageReinforcements","","","","","","False","0","False",""
"M44b","utokNaMalesov","ziskej_od_zizky_rozkazy","getOrdersFromZizka","","","","","","False","0","False",""
"M44b","utokNaMalesov","prelez_hradbu","malesovStealthMission","","","","","","False","0","False",""
"M44b","utokNaMalesov","otevri_prvni_branu","openTheGate","","","","","","False","0","False",""
"M44b","utokNaMalesov","vydrz_do_prichodu_posil","waitForReinforcements","","","","","","False","0","False",""
"M44b","utokNaMalesov","poraz_nepratele_na_predhradi","conquerOuterCourtyard","","","","","","False","0","False",""
"M44b","utokNaMalesov","kryj_pratele_palbou","waitForBreakthrough","","","","","","False","0","False",""
"M44b","utokNaMalesov","jdi_do_utoku","intoTheAttack","","","","","","False","0","False",""
"M44b","utokNaMalesov","promluv_si_s_ptackem_a_zizkou","findCapon","","","","","","False","0","False",""
"M44b","utokNaMalesov","poraz_bergova_ve_vezi","attackMalesovTower","","","","","","False","0","False",""
"M44b","utokNaMalesov","pomoz_zajmout_bergova","captureBergov","","","","","","False","0","False",""
"M45","papezskyLegat","zucastni_se_vychlechu_oty_z_bergova","gotoBergowCouncil","","","","","","False","0","False",""
"M45","papezskyLegat","doprovod_pani_rozu_do_ruthardky","travelToKH","","","","","","False","0","False",""
"M45","papezskyLegat","prenes_rozu_pres_zaplaveny_usek_chodby","noseniPresVodu","","","","","","False","0","False",""
"M45","papezskyLegat","zbav_se_pobudu_na_ruthardce","getRidOfDregsInYard","","","","","","False","0","False",""
"M45","papezskyLegat","rekni_roze_ze_je_vzduch_cisty","getBackToRoza","","","","","","False","0","False",""
"M45","papezskyLegat","bez_se_vyspat","gotoToBed","","","","","","False","0","False",""
"M45","papezskyLegat","promluv_si_s_zizkou","PromluvSZizkouPoPrijezdu","papezskyLegat.skipToKey_spokeWithZizka","PromluvSZizkouPoPrijezdu.SetDone","MonologAfterWaleUp.SetDone|State;Output.jindra_mluvil_s_zizkou|Output","","","False","0","False","Barbora/kutnohorsko/papezskyLegat/vavakuv_klic/rano_na_ruthardce.xml"
"M45","papezskyLegat","promluv_si_s_zizkou","PromluvSZizkouPoPrijezdu","papezskyLegat.skipToKey_unpauseTime","PromluvSZizkouPoPrijezdu.SetDone","MonologAfterWaleUp.SetDone|State","","","False","0","False","Barbora/kutnohorsko/papezskyLegat/vavakuv_klic/rano_na_ruthardce.xml"
"M45","papezskyLegat","zajicsti_vavakovu_pomoc","ZajistaniVavakovePomoci","","","","","","False","0","False",""
"M45","papezskyLegat","ziskej_klic","ZiskaniKlice","","","","","","False","0","False",""
"M45","papezskyLegat","vrat_se_s_klicem_za_zizkou","beforeTunnelPolylog","","","","","","False","0","False",""
"M45","papezskyLegat","zabij_kristiana","gorillasFight","","","","","","False","0","False",""
"M45","papezskyLegat","vyptej_se_rozy_na_podzemni_chodby","DialogSRozouOPodzemi","","","","","","False","0","False",""
"M45","papezskyLegat","prozkoumej_se_samuelem_podzemni_cestu","searchTunnelsWithSamuel","","","","","","False","0","False",""
"M45","papezskyLegat","zbav_se_vykradacu_ve_sklepe","VykradaciVeSklepu","","","","","","False","0","False",""
"M45","papezskyLegat","ohlas_se_zizkovi","beforeAmbushPolylog","","","","","","False","0","False",""
"M45","papezskyLegat","priprav_se_na_cestu_do_lorce","goToSeePapalLegate","","","","","","False","0","False",""
"M45","papezskyLegat","nenech_kardinala_utect","legateObjective","","","","","","False","0","False",""
"M45","papezskyLegat","vrat_se_do_ruthardky","returnToRuthardkaAtTheEnd","","","","","","False","0","False",""
"M45","papezskyLegat","promluv_si_s_zizkou_co_dal","PromluvSiSZizkouCoDal","","","","","","False","0","False",""
"M45","papezskyLegat","vyzvedni_si_od_pani_rozy_vlassky_odev","getRobesFromRoza","","","","","","False","0","False",""
"M45","papezskyLegat","nauc_se_zaklady_vlastiny_od_brabanta","learnItalianFromBrabant","","","","","","False","0","False",""
"M45","papezskyLegat","priprav_se_na_odchod_do_vlasskeho_dvora","prepareToGoToItalianCourt","","","","","","False","0","False",""
"M45","papezskyLegat","povez_bohutovi_o_veliteli_strazi","PovezBohutoviOVeliteli","","","","","","False","0","False",""
"M46","prepadeniVlasskehoDvora","jdi_do_vlasskeho_dvora","dojdiDoDvora","prepadeniVlasskehoDvora.init_end2","dojdiDoDvora.SetDone","","","","False","0","True","Barbora/kutnohorsko/prepadeniVlasskehoDvora/h/bohuta__cesta_do_vlasskeho_dvora.xml"
"M46","prepadeniVlasskehoDvora","nakup_u_poulicnich_obchodniku","nakupUObchodniku","","","","","","False","0","False",""
"M46","prepadeniVlasskehoDvora","nasleduj_jeronyma_naze_na_cirkevni_radu","nasledujJeronymaDoMincovny","","","","","","False","0","False",""
"M46","prepadeniVlasskehoDvora","pomoz_jindrovi","PomozJindrovi","","","","","","False","0","False",""
"M46","prepadeniVlasskehoDvora","diskutuj_o_cirkevnim_sporu","ZkoumaniSituaciNaCirkevniRade","","","","","","False","0","False",""
"M46","prepadeniVlasskehoDvora","privolej_straze_na_radu","PrivolejStrazeNaRadu","","","","","","False","0","False",""
"M46","prepadeniVlasskehoDvora","pozadej_o_vino","PozadejOVino","","","","","","False","0","False",""
"M46","prepadeniVlasskehoDvora","zavolej_si_mistra_kuchare","ZavolejKuchare","","","","","","False","0","False",""
"M46","prepadeniVlasskehoDvora","prones_zaverecnou_rec","PronesRec","prepadeniVlasskehoDvora.courtHall_finalVerdict","PronesRec.SetActive","","","","False","0","True","Barbora/kutnohorsko/prepadeniVlasskehoDvora/h/bohuta__cirkevni_rada.xml"
"M46","prepadeniVlasskehoDvora","zneskodni_straze","zneskodniStrazeNaHradbach","","","","","","False","0","False",""
"M46","prepadeniVlasskehoDvora","zkontroluj_brabanta","zkontroluj_brabanta_","","","","","","False","0","False",""
"M46","prepadeniVlasskehoDvora","zajisti_zapadni_branu","strazeUBrany","","","","","","False","0","False",""
"M46","prepadeniVlasskehoDvora","najdi_komara","hledaniKomara","","","","","","False","0","False",""
"M46","prepadeniVlasskehoDvora","zachran_komara","zachranKomara","","","","","","False","0","False",""
"M46","prepadeniVlasskehoDvora","promluv_si_s_komarem","promluvitSPartou","","","","","","False","0","False",""
"M46","prepadeniVlasskehoDvora","najdi_spojeni_mezi_sklepenim_a_kryptou","prokopniZed","","","","","","False","0","False",""
"M46","prepadeniVlasskehoDvora","osvobod_pany","osvobodPany","","","","","","False","0","False",""
"M46","prepadeniVlasskehoDvora","promluv_si_se_zizkou_na_hradbach","promluvSZizkou","","","","","","False","0","False",""
"M46","prepadeniVlasskehoDvora","zdrz_utocniky_co_nejdele","branVlasskyDvur_objective","","","","","","False","0","False",""
"M46","prepadeniVlasskehoDvora","odraz_zebriky","odrazZebrikyObjective","","","","","","False","0","False",""
"M46","prepadeniVlasskehoDvora","bran_predhradi","defendCourtObjective","","","","","","False","0","False",""
"M46","prepadeniVlasskehoDvora","dostan_se_do_ruthardky","DostanSeDoRuthardky","","","","","","False","0","False",""
"M46","prepadeniVlasskehoDvora","promluv_si_s_ptackem","PromluvSPtackem","","","","","","False","0","False",""
"M46","prepadeniVlasskehoDvora","poraz_brabantovy_muze","PorazBrabantovyMuze","","","","","","False","0","False",""
"M46","prepadeniVlasskehoDvora","promluv_si_s_ptackem_u_studny","studnaDialogy","","","","","","False","0","False",""
"M47","erik","rozluc_se_s_ruthardem_a_ostatnimi","rozluc_se_s_ruthardem_a_ostatnimi","","","","","","False","0","False",""
"M47","erik","rozluc_se_s_rozou_a_ostatnimi","rozluc_se_s_rozou_a_ostatnimi","","","","","","False","0","False",""
"M47","erik","promluv_s_hansem","promluv_s_hansem","","","","","","False","0","False",""
"M47","erik","posad_se_k_ostatnim","posad_se_k_ostatnim","","","","","","False","0","False",""
"M47","erik","promluv_s_kubenkou","","","","","","","False","0","False",""
"M47","erik","promluv_se_strazi_aby_te_pustili_ven_a_jed_na_duel_s_erikem","odejdi_z_hradu_a_pomsti_se_erikovi","","","","","","False","0","False",""
"M47","erik","vyhraj_nad_erikem","vyhraj_nad_erikem","","","","","","False","0","False",""
"M47","erik","dojed_na_suchdol_driv_nez_prazska_armada","vrat_se_na_suchdol_a_varuj_ostatni","","","","","","False","0","False",""
"M47","erik","promluv_si_s_zizkou_o_erikovi","nebo_zustan_na_hrade_a_promluv_si_s_zizkou","","","","","","False","0","False",""
"M47","erik","nasleduj_zizku_a_zjisti_co_se_deje","nasleduj_zizku_a_zjisti_co_se_deje","","","","","","False","0","False",""
"M48a","oblehaniSuchdole","jdi_na_palisadu","jdiNaHradbuObj","","","","","","False","0","False",""
"M48a","oblehaniSuchdole","odraz_nepratelsky_utok","odrazNepratelskyUtok","oblehaniSuchdole.012_konecBitvy","odrazNepratelskyUtok.SetDone","","","","False","0","True","Barbora/kutnohorsko/oblehaniSuchdole/prazane_utoci_z_pochodu_na_predhradi.xml"
"M48a","oblehaniSuchdole","odraz_utok_sekerniku_na_branu","zabijUtocnikyNaBranuObj","","","","","","False","0","False",""
"M48a","oblehaniSuchdole","shod_zebriky","shodZebrikyObj","","","","","","False","0","False",""
"M48a","oblehaniSuchdole","zabij_zbyvajici_nepratele_na_hradbach","","","","","","","False","0","False",""
"M48a","oblehaniSuchdole","jdi_s_bohutou_na_hradby","jdi_s_bohutou_na_hradby","","","","","","False","0","False",""
"M48a","oblehaniSuchdole","navstiv_musu_a_katerinu_v_lazaretu","navstiv_musu_a_katerinu_v_lazaretu","","","","","","False","0","False",""
"M48a","oblehaniSuchdole","zajdi_za_hansem_pro_jidlo","zajdi_za_hansem_pro_jidlo","","","","","","False","0","False",""
"M48a","oblehaniSuchdole","zeptej_se_frencla_na_zasoby_streliva","zeptej_se_frencla_na_zasoby_streliva","","","","","","False","0","False",""
"M48a","oblehaniSuchdole","seber_mece_k_brouseni","seber_mece_k_brouseni","","","","","","False","0","False",""
"M48a","oblehaniSuchdole","oprav_mece_a_odevzdej_je_frenclovi","oprav_mece_a_odevzdej_je_frenclovi","","","","","","False","0","False",""
"M48a","oblehaniSuchdole","poslechni_si_zizkovy_rozkazy","poslechni_si_zizkovi_rozkazy","","","","","","False","0","False",""
"M48a","oblehaniSuchdole","naverbuj_sama_a_kubenku","naverbuj_sama_a_kubenku","","","","","","False","0","False",""
"M48a","oblehaniSuchdole","naverbuj_stare_zname","naverbuj_janka_s_jaroslavem","","","","","","False","0","False",""
"M48a","oblehaniSuchdole","naverbuj_mikese_s_kozlikem","naverbuj_mikese_s_kozlikem","","","","","","False","0","False",""
"M48a","oblehaniSuchdole","naverbuj_mikese","naverbuj_mikese","","","","","","False","0","False",""
"M48a","oblehaniSuchdole","naverbuj_kozlika","naverbuj_kozlika","","","","","","False","0","False",""
"M48a","oblehaniSuchdole","naverbuj_lovciho_dobrose","naverbuj_lovciho_dobrose","","","","","","False","0","False",""
"M48a","oblehaniSuchdole","naverbuj_rasa_wolframa","naverbuj_rasa_wolframa","","","","","","False","0","False",""
"M48a","oblehaniSuchdole","rozdej_svym_muzum_rozkazy_az_se_shromazdi_v_predhradi","rozdej_svym_muzum_rozkazy","","","","","","False","0","False",""
"M48a","oblehaniSuchdole","jdi_si_lehnout_az_skoncis_s_obhlidkou_hradu","jdi_si_lehnout_az_skoncis_s_obhlidkou_hradu","","","","","","False","0","False",""
"M48a","oblehaniSuchdole","promluv_si_s_ptackem","promluv_si_s_ptackem","","","","","","False","0","False",""
"M48a","oblehaniSuchdole","zkontroluj_straz_na_vychodni_hradbe","zkontroluj_straz_na_vychodni_hradbe","","","","","","False","0","False",""
"M48a","oblehaniSuchdole","zkontroluj_straz_na_hlavni_brane","zkontroluj_straz_na_hlavni_brane","","","","","","False","0","False",""
"M48a","oblehaniSuchdole","probud_strazneho_na_brane","probud_strazneho_na_brane","","","","","","False","0","False",""
"M48a","oblehaniSuchdole","zkontroluj_straz_na_zapadni_palisade","zkontroluj_straz_na_zapadni_palisade","","","","","","False","0","False",""
"M48a","oblehaniSuchdole","zkontroluj_straz_na_brane_predhradi","zkontroluj_straz_na_brane_predhradi","","","","","","False","0","False",""
"M48a","oblehaniSuchdole","shozene_zebriky","nocniUtok_zebriky","","","","","","False","0","False",""
"M48a","oblehaniSuchdole","odraz_nocni_utok","odraz_nocni_utok","","","","","","False","0","False",""
"M48a","oblehaniSuchdole","jdi_si_poslechnout_zizkovy_rozkazy","jdi_si_poslechnout_zizkovy_rozkazy","","","","","","False","0","False",""
"M48a","oblehaniSuchdole","povez_zizkovi_o_nocnim_prepadeni","povez_zizkovi_o_nocnim_prepadeni","","","","","","False","0","False",""
"M48b","rutinaAVypad","vyber_muze_na_vypad","vyber_tri_muze_na_vypad","","","","","","False","0","False",""
"M48b","rutinaAVypad","promluv_si_s_kubenkou","promluv_si","","","","","","False","0","False",""
"M48b","rutinaAVypad","promluv_si_se_samem","promluv_si","","","","","","False","0","False",""
"M48b","rutinaAVypad","promluv_si_s_janekem","promluv_si","","","","","","False","0","False",""
"M48b","rutinaAVypad","promluv_si_s_jaroslavem","promluv_si","","","","","","False","0","False",""
"M48b","rutinaAVypad","promluv_si_dobrosem","promluv_si","","","","","","False","0","False",""
"M48b","rutinaAVypad","promluv_si_s_wolframem","promluv_si","","","","","","False","0","False",""
"M48b","rutinaAVypad","promluv_si_s_mikesem","promluv_si","","","","","","False","0","False",""
"M48b","rutinaAVypad","promluv_si_s_kozlikem","promluv_si","","","","","","False","0","False",""
"M48b","rutinaAVypad","vyslechni_s_certem_zajatce","vyslechni_spolecne_s_bohutou_zajatce","","","","","","False","0","False",""
"M48b","rutinaAVypad","promluv_si_s_kovarem","promluv_si_s_kovarem","","","","","","False","0","False",""
"M48b","rutinaAVypad","najdi_na_tvrzi_drobny_kovovy_srot_ktery_se_da_pretavit_na_munici","najdi_predmety_ktere_se_daji_prekovat_na_sipy","","","","","","False","0","False",""
"M48b","rutinaAVypad","prines_kovari_kovovy_srot","prines_kovari_predmety_ktere_muze_prekovat_v_hroty_sipu","","","","","","False","0","False",""
"M48b","rutinaAVypad","rekni_ptackovi_a_strelcum_ze_je_vypad_pripraven","rekni_ptackovi_a_strelcum_ze_je_vypad_pripraven","rutinaAVypad.debug_start_vypad","rekni_ptackovi_a_strelcum_ze_je_vypad_pripraven.SetDone","","rutinaAVypad.verbovani","","False","0","False","Barbora/kutnohorsko/rutinaAVypad/hibernace/rutina_oblehani__open_world_a_vypad/aktivace_vypadu.xml"
"M48b","rutinaAVypad","strilej_z_hradeb_nepratele","kryj_strelbou_vypad","","","","","","False","0","False",""
"M48b","rutinaAVypad","zneskodni_nepratelske_strelce","zneskodni_nepratelske_strelce","","","","","","False","0","False",""
"M48b","rutinaAVypad","zneskodni_pavezniky","zneskodni_pavezniky","","","","","","False","0","False",""
"M48b","rutinaAVypad","jdi_si_lehnout_az_skoncis_s_praci_na_hrade","jdi_si_lehnout_az_skoncis_s_praci_na_hrade","","","","","","False","0","False",""
"M48b","rutinaAVypad","dej_hlaseni_zizkovi","dej_hlaseni_zizkovi","","","","","","False","0","False",""
"M48b","rutinaAVypad","promluv_se_muzi_v_jidelne","recruits_2","","","","","","False","0","False",""
"M48b","rutinaAVypad","promluv_se_svymi_muzi_u_brany","recruits_3","","","","","","False","0","False",""
"M48b","rutinaAVypad","promluv_se_muzi_v_predhradi","recruits","","","","","","False","0","False",""
"M48b","rutinaAVypad","promluv_se_svymi_muzi_v_lazaretu","recruits_1","","","","","","False","0","False",""
"M48c","hladAZmar","dones_ptackovi_neco_k_jidlu","dones_ptackovi_neco_k_jidlu","hladAZmar.hideBeforeBattleMainObjective","dones_ptackovi_neco_k_jidlu.SetDone","","","","False","0","True","Barbora/kutnohorsko/hladAZmar/h/open_world__hlad_shaneni_jidla_pohreb.xml"
"M48c","hladAZmar","zeptej_se_u_hanse_na_jidlo","ShaneniJidlaUHanse","","","","","","False","0","False",""
"M48c","hladAZmar","sezen_maso_z_toulaveho_psa","sezenMasoZToulavehoPsa","","","","","","False","0","False",""
"M48c","hladAZmar","prines_psi_maso_certovi","prines_psi_maso_certovi","","","","","","False","0","False",""
"M48c","hladAZmar","zkus_zkrotit_boudicu","zkus_zkrotit_boadiceu","","","","","","False","0","False",""
"M48c","hladAZmar","nasedni_na_boudicu","nasedni_na_kone","","","","","","False","0","False",""
"M48c","hladAZmar","projed_boudicu_po_nadvori","projed_se_na_koni_do_predhradi","","","","","","False","0","False",""
"M48c","hladAZmar","vrat_boudicu_do_staje","vrat_kone_do_staje","","","","","","False","0","False",""
"M48c","hladAZmar","vrat_se_za_podkonim","vrat_se_za_podkonim","","","","","","False","0","False",""
"M48c","hladAZmar","kun_nebo_podkoni_jsou_mrtvy","KunNeboPodkoniJsouMrtve","","","","","","False","0","False",""
"M48c","hladAZmar","vypujc_si_boty_z_truhly_pani_frenczlove_","vypujc_si_boty_z_truhly_pani_frenczlove","","","","","","False","0","False",""
"M48c","hladAZmar","ziskej_zpatky_boty_pani_frenczlove","ziskejZpetBoty","","","","","","False","0","False",""
"M48c","hladAZmar","dones_boty_musovi_a_zjisti_jak_udelat_vyvar","uvar_polevku_z_bot","","","","","","False","0","False",""
"M48c","hladAZmar","odraz_nepritele_z_hradeb","odraz_nepritele_z_hradeb","","","","","","False","0","False",""
"M48c","hladAZmar","shod_zebriky_bocni_hradba","shod_zebriky_bocni_hradba","","","","","","False","0","False",""
"M48c","hladAZmar","rozraz_dvere_do_veze","rozraz_dvere_do_veze","","","","","","False","0","False",""
"M48c","hladAZmar","zneskodni_nepratele_ve_vezi_a_na_hradbe","pomoz_odrazit_utok_a_zebriky","","","","","","False","0","False",""
"M48c","hladAZmar","shod_zebriky_ze_zadni_hradby","shod_zebriky_ze_zadni_hradby","","","","","","False","0","False",""
"M48c","hladAZmar","otevri_spojencum_vstup_do_veze","otevri_spojencum_vstup_do_veze","","","","","","False","0","False",""
"M48c","hladAZmar","rozluc_se_s_katerinou","rozluc_se_s_katerinou","","","","","","False","0","False",""
"M48c","hladAZmar","rozluc_se_s_ptackem","rozluc_se_s_ptackem","","","","","","False","0","False",""
"M48c","hladAZmar","dodelej_co_potrebujes_a_pak_pockej_na_hradbach","Dodelej_co_potrebujes_a_cekej_na_hradbach","","","","","","False","0","False",""
"M49","stealthMiseZaJindru","najdi_kone_a_jed_pro_pomoc","getOutOfTheCamp","","","","","","False","0","False",""
"M49","stealthMiseZaJindru","zjisti_kde_je_sam","findOutWhatHappenedToSam","","","","","","False","0","False",""
"M49","stealthMiseZaJindru","najdi_v_tabore_sama","findSam","","","","","","False","0","False",""
"M49","stealthMiseZaJindru","promluv_se_samem","talkToSam","","","","","","False","0","False",""
"M49","stealthMiseZaJindru","najdi_v_tabore_aulitze2","findAulitz","","","","","","False","0","False",""
"M50","zoufalaObranaZaBohutu","zjisti_co_se_stalo","zjistiCoSeStalo","","","","","","False","0","False",""
"M50","zoufalaObranaZaBohutu","jdi_na_nadvori","jdiNaNadvori","","","","","","False","0","False",""
"M50","zoufalaObranaZaBohutu","jdi_po_schodech_na_predni_hradby","bitevniCast","","","","","","False","0","False",""
"M50","zoufalaObranaZaBohutu","bran_predni_hradby","bitevniCast","","","","","","False","0","False",""
"M50","zoufalaObranaZaBohutu","pomoz_na_nadvori_s_obranou_brany","bitevniCast","","","","","","False","0","False",""
"M50","zoufalaObranaZaBohutu","nasleduj_velitele_na_bocni_hradbu","bitevniCast","","","","","","False","0","False",""
"M50","zoufalaObranaZaBohutu","shod_zebrik","bitevniCast","","","","","","False","0","False",""
"M50","zoufalaObranaZaBohutu","zbav_se_vsech_nepratel_na_hradbe","bitevniCast","","","","","","False","0","False",""
"M51","finale","dobyj_zpatky_suchdol","dobyj_zpatky_suchdol","finale._skipActiveBattle","dobyj_zpatky_suchdol.SetDone","hrac_na_hradbach.haste__skip|hrac_na_hradbach;if_active.Exec|If;if_active2.Exec|If;Output.haste__skip_active_battle|Output","","","False","0","False","Barbora/kutnohorsko/finale/hibernation/finale_bitva_na_nadvori.xml"
"M51","finale","poraz_nepratele_v_predhradi","objectivePredhradi","","","","","","False","0","False",""
"M51","finale","dostan_se_na_nadvori","openGateAndGetToTheSecondYardState","","","","","","False","0","False",""
"M51","finale","poraz_nepratele_na_nadvori","objectiveNadvori","","","","","","False","0","False",""
"M51","finale","dojdi_nabrousit_hanusovi_mec","sharpenSwordForHanus_objective","finale._returnSwordToHanus","sharpenSwordForHanus_objective.SetDone","","","","False","0","True","Barbora/kutnohorsko/finale/hibernation/brouseni_mece.xml"
"M51","finale","dojdi_nabrousit_hanusovi_mec","sharpenSwordForHanus_objective","finale._sharpenSwordObjectiveActive","sharpenSwordForHanus_objective.SetActive","","","","False","0","True","Barbora/kutnohorsko/finale/hibernation/brouseni_mece.xml"
"M51","finale","pockej_az_hanus_domluvi_s_ptackem","waitUntilHanusSaysSecret_objective","","","","","","False","0","False",""
"M51","finale","promluv_si_se_spolubojovniky","talkToSuchdolSurvivors_objective","","","","","","False","0","False",""
"M51","finale","vrat_mec_hanusovi","giveSwordBackToHanus_objective","","","","","","False","0","False",""
"M51","finale","zjisti_nalezitosti_zidovskeho_pohrbu","findAboutJewishBurial_objective","","","","","","False","0","False",""
"M51","finale","najdi_samovo_telo","findSamsBody_objective","","","","","","False","0","False",""
"M51","finale","priprav_sama_na_pohreb","prayForSam_objective","","","","","","False","0","False",""
"M51","finale","promluv_si_s_hanusem","talkToHanus_objective","","","","","","False","0","False",""
"M51","finale","najdi_v_tabore_markvarta_von_aulitz","najdiVTaboreMarkvarta_objective","","","","","","False","0","False",""
"M51","finale","setkej_se_s_rackem","setkejSeSRackem","finale.talkToRacekObjective","setkejSeSRackem.SetActive","","","","False","0","True","Barbora/kutnohorsko/finale/hibernation/hrac_jde_za_rackem.xml"
